Year,Team Key,Team Name,Team Number,Rookie Year,Zipcode,Income,Pop Density,Distances to events,Total Distance,Average Distance,District Points,District Rank
2016,frc1033,Team CLUTCH,1033,2003,23221,56219,4143.0,[],0,,,
2016,frc1080,Resurgence Robotics,1080,2003,23231,53705,393.0,"[74.66933919581035, 31.652568777696757, 62.565010298886314, 74.66933919581035]",243.55625746820377,60.88906436705094,29,102
2016,frc1086,Blue Cheese,1086,2003,23059,104163,695.0,"[693.3565033241839, 94.3624024396975, 693.3565033241839, 488.8143275320364, 66.15220526189134, 166.15039938538257, 11.177615119550772, 66.15220526189134]",2279.522161648818,284.94027020610224,271,3
2016,frc1111,Power Hawks Robotics,1111,2003,21037,100242,1194.0,"[24.677798853579155, 46.87513257046802, 78.12664003454091, 61.03933264525994]",210.71890410384805,52.67972602596201,128,29
